{"images":[{"size":"40x40","expected-size":"80","filename":"80.png","folder":"Assets.xcassets/AppIcon.appiconset/","idiom":"ipad","scale":"2x"},{"size":"72x72","expected-size":"72","filename":"72.png","folder":"Assets.xcassets/AppIcon.appiconset/","idiom":"ipad","scale":"1x"},{"size":"76x76","expected-size":"152","filename":"152.png","folder":"Assets.xcassets/AppIcon.appiconset/","idiom":"ipad","scale":"2x"},{"size":"50x50","expected-size":"100","filename":"100.png","folder":"Assets.xcassets/AppIcon.appiconset/","idiom":"ipad","scale":"2x"},{"size":"29x29","expected-size":"58","filename":"58.png","folder":"Assets.xcassets/AppIcon.appiconset/","idiom":"ipad","scale":"2x"},{"size":"76x76","expected-size":"76","filename":"76.png","folder":"Assets.xcassets/AppIcon.appiconset/","idiom":"ipad","scale":"1x"},{"size":"29x29","expected-size":"29","filename":"29.png","folder":"Assets.xcassets/AppIcon.appiconset/","idiom":"ipad","scale":"1x"},{"size":"50x50","expected-size":"50","filename":"50.png","folder":"Assets.xcassets/AppIcon.appiconset/","idiom":"ipad","scale":"1x"},{"size":"72x72","expected-size":"144","filename":"144.png","folder":"Assets.xcassets/AppIcon.appiconset/","idiom":"ipad","scale":"2x"},{"size":"40x40","expected-size":"40","filename":"40.png","folder":"Assets.xcassets/AppIcon.appiconset/","idiom":"ipad","scale":"1x"},{"size":"83.5x83.5","expected-size":"167","filename":"167.png","folder":"Assets.xcassets/AppIcon.appiconset/","idiom":"ipad","scale":"2x"},{"size":"20x20","expected-size":"20","filename":"20.png","folder":"Assets.xcassets/AppIcon.appiconset/","idiom":"ipad","scale":"1x"},{"size":"20x20","expected-size":"40","filename":"40.png","folder":"Assets.xcassets/AppIcon.appiconset/","idiom":"ipad","scale":"2x"}]}